,Weight,Weight,Bust/Chest,Bust/Chest,Waist,Waist,Hips,Hips
,mean,std,mean,std,mean,std,mean,std
Cluster,,,,,,,,
0,-0.7924505548491803,0.48932769085619415,0.4876733376973546,0.4292819221058949,-0.08110886264085425,0.9844851298059717,-0.08955068512655691,1.0439960443902652
1,0.5086388798769778,0.4924968373838845,-0.8729588828586364,0.4744798575560472,0.0032797770435662806,0.9725185214094677,0.030292545476935957,1.0129916644146715
2,-0.9466846328868327,0.4357994684085017,-0.9534343459749625,0.40076105475674373,-0.14003392558980252,0.9498968805409391,-0.09759348263827934,0.9812359445451273
3,1.7170399111008046,0.5103113204847692,0.12860142824919896,0.725962212104128,-0.005006700781013773,1.0452551250660047,-0.05666531217145298,0.9827940767681022
4,0.29921921802057805,0.5235848927092371,1.2221709906839897,0.5070183770880767,0.21441446946740444,1.0385675014832427,0.1826643741085032,0.9544458556274595
